judul,label
"Ini ada ratusan nyawa dokter yang sudah menjadi korban, Pak Menkes bilang jangan dibesar-besarkan",1
Anies Baswedan Terlibat Kontrak Politik dengan HTI,1
"Jokowi: Tidak Perlu Dibesar besarkan, Penusukan Ustad Ali Jaber itu Kriminal Biasa. Ustad Juga Nda Sampai Mati",1
kiyai kohar orang bogor beliau pulang ngaji dari masjid tiba- tiba dikoroyok oleh orang yang tak dikenal,1
Pedangdut Aty Kodong  Meninggal Dunia,1
Foto Akhirnya Syekh Ali Jabber terbang pulang ke Madinah,1
Polisi di Sumba Timur Bawa Rotan untuk Tertibkan Warga,1
Pelaku Penusukan Syekh Ali Jaber Sudah Bebas Bersyarat,1
Foto AFRICA vs AFRICA in American Movies,1
"Tak Patuhi PSBB, Warga Cilegon akan di Denda",1
"Breaking News; Pesantren Alquran Terbakar 28 Santri Dan Guru Meninggal Dunia, Semoga Yang Gugur Dalam Pesantren Tersebut Husnul Khotimah",1
SK Pengangkatan CPNS di Kabupaten Sampang,1
"Kebijakan Anies Dikabulkan, Sepeda Masuk Toll",1
"Selama Covid19 Ada, Tidak ada Orang Gila Yang Kena Covid19",1
Minum Minuman Energi Berlebihan Sebabkan Lubang Besar pada Tengkorak Kepala,1
Tokopedia Bagikan 200 GB Data Internet untuk Semua Operator,1
Anies dapat instruksi dari KAMI agar lakukan PSBB total beberapa bulan,1
Pembagian Masker Gratis Dicampur Bius,1
Foto ANIES DAPAT PIALA JUARA SATU DALAM CORONA,1
Video Teknik Menahan Napas Untuk Deteksi Covid-19,1
Ibunda Cak Nun Meninggal Dunia,1
"Sejumlah Negara Tak Izinkan WNI Datang, Wamenlu: RI Juga Larang WNA Masuk Saat Corona, kecuali TKA China",1
Wanita di Inggris Tewas Tertusuk Urin Beku,1
Tips Blokir Nomor Ponsel SMS Penipuan,1
Anies Baswedan Mengendarai Mobil Peti Mati,1
Foto Telah ditemukan situs peninggalan PRASEJARAH dimasa Raja Firaun,1
"Gereja Dibakar saat Protes Black Lives Matter di Kenosha, Wisconsin",1
Foto Menteri Agama di Kabinet Jokowi sebagai Pendeta Kristen,1
Foto Dalam Lingkaran merah JACK MA Saat Masih Kecil,1
Rumah DP 0% DKI Jakarta dengan Foto Peti Mati,1
Foto Siswi Menulis Kalimat Berbahasa Indonesia di Papan Tulis,1
Artikel Seorang Ayah Ini Sebrangkan Anak Nya di Sungai Agar Bisa Pinjam Hp Temen Nya Untuk Sekolah Online,1
Siasat Lawan Hoax Corona,0
RS wisma atlet lampu Kamar menyala semua Petanda Fuul pasien Corona,1
"Bachtaroeddin, anggota Fraksi PKI di DPR, adalah kakek Arteria Dahlan",1
"Badak Bukanlah Mahluk Asal Bumi, Karna Pada Saat Manusia Melakukan Pendaratan Pertama Di Bulan, Mereka Mendapati Koloni Badak",1
Bupati Lumajang Beri Bantuan Lewat Whatsapp,1
"Resesi di Depan Mata, Jokowi Minta Semua Gubernur Tiru Kerja Keras Anies Selamatkan Ekonomi",1
Gibran ngimpi akan bebasin Palestina dari Israel,1
Qori Internasional asal Papua,1
Akhirnya Jokowi Selesai Buat Tol Laut,1
Melihat Papua dan Aceh Sejahtera Timor Leste Ingin Gabung Dengan Indonesia,1
Foto Gubernur Anies Memegang Piagam Bertuliskan PENGHARGAAN Provinsi Jumlah Covid 19 Tertinggi,1
Surat Panggilan Interview karyawan Garuda Indonesia,1
Pesan Singkat Pembagian Hadiah Rp175 juta dari Shopee,1
Makan Buah Saat Perut Kosong Sembuhkan Kanker,1
Surat Penerimaan Calon Taruna Poltekip dan Poltekim,1
Pencopotan Bendera PDIP di Sumatera Barat,1
Foto Beberapa Tokoh Indonesia dengan Penari Tari  Perut,1
Foto Anak kecil ini kehilangan ibunya saat perang,1
Bandung Kota Zona Hitam Corona,1
Inilah salah satu Guru Besar KAMPRET_KADRUN.. Keren Mantap,1
Foto INI PENAMPAKKAN MOBIL GHOIB ESEMKA,1
"NPWP dan NIK Mau Digabung, Semua Penduduk Indonesia Akan Dipajaki..?",1
Video RUSIA BERSHOLAWAT,1
Foto badan akan terlihat seperti ini jika kamu beruntung masih hidup setelah tersambar petir,1
Lowongan Kerja PT AGS Waskita Karya dengan Sejumlah Biaya,1
Lambang NU Rezim Now,1
PDIP bubar,1
Chadwick Boseman Poisoned,1
Artikel Berjudul Peneliti Australia Sebut : Jokowi  Presiden Tak Berkemampuan  Tapi Memiliki Daya Rusak,1
Din Syamsuddin Bertujuan Ingin Menggeser Maruf Amin Sebagai Wapres,1
Promosi komprehensif Tokopedia Dapatkan Data Intrnet 100GB tanpa Isi Ulang,1
CINA BANGUN PANGKALAN MILITER DI INDONESIA,1
Gereja yang Dibangun Dari Tulang-Tulang Umat Islam,1
SK Rekomendasi PDIP untuk Pemilihan Wali Kota Surabaya,1
Surat Panggilan Calon Karyawan Pertamina DIY dan Solo,1
Password Wifi di Jakarta #ANIESKEREN,1
SEKOLAH DASAR NEGERI CEBONGAN 01 JL. KOLAM KODOK NO.32,1
Alat Thermo Gun dapat Merusak Kelenjar Pineal,1
Ustadz Abdul Somad: FACE BOOK HARAM,1
SMS PT Len Memberikan Hadiah Rp100 Juta,1
"Ganjil Genap di Jakarta ditiadakan mulai Senin, 7 September 2020",1
Video Demonstrasi Anti Lockdown di London,1
Artikel berjudul Gli Italiani Chiamano Anies Baswedan Troppo Stupido Come Il Governatore di Jakarta,1
Informasi Lowongan Kerja Puskesmas Kedungkandang,1
Covid-19 Singkatan dari Certificate of Vaccination Identification with Artificial Intelligence,1
Tangkapan Layar Tentara Merah RRC Berkamuflase Jadi Banser,1
Beredarnya Obat Progesterex untuk Mensterilkan Perempuan,1
Di taruh mana muka Ridwan saidi,1
Pesan WhatsApp Soal KemenBUMN Angkat Advisor Gaji Minimal Rp40 Juta,1
Ferdinand: Anies Baswedan Mendunia karena Kekonyolan Kebijakannya Bukan Karena Pandainya Tapi Karena Konyol Dan Bodoh nya,1
PDIP BUKA OPSI BUBARKAN MUI DEMI UTUHNYA PANCASILA,1
Pesan Whatsapp Walikota Tangerang akan Beri Donasi,1
Pesan Berantai Salah Satu Cara Untuk Menangkis Virus Covid-19 Dengan Air Garam dan Air Hangat,1
Rocky Gerung Mendadak Ustad,1
"Campuran Air Kelapa Muda, Jeruk Nipis, dan Garam Dapat Mematikan Virus Corona",1
Pesan Singkat Rektor Unsoed soal Dana untuk Mahasiswa,1
Menag Belajar Mengaji Dengan Abu Janda,1
"Cilandak Barat, Jakarta Selatan sudah dideklarasikan sebagai sebuah klaster zona merah baru",1
Chadwick Boseman Diracun,1
Akun Instagram BPJS Ketenagakerjaan Bernama bpjs.pencairan.blt,1
Pesan WhatsApp Soal Razia Keliling di Pekalongan,1
Lowongan Kerja Pemandi Jenazah di RSUD Pasar Rebo,1
Gatot Janji Gaji Rakyat Jika Jadi Presiden,1
Kader PDIP Dewi Tanjung Meninggal Dunia,1
PERUSAK POLISI CIRACAS ADALAH POLISI SENDIRI,1
"Tangkapan Layar Judul Ferdinand: Sial Betul Nasib DKI Jakarta Punya Gubernur yang Seperti Ini. Tak Tahu Kerja Pandainya Cuma Omdo Dan Pidato-Pidato, Sial",1
Foto Anies Baswedan Sedang Uji Coba Sepeda di Jalan Tol Dalam Kota,1
Foto Yosi Mokalu Mengenakan Kaos Bertuliskan BADAN ARAHAN BUZZERP ISTANA,1
getah daun kemangi obat gatal-gatal,1
Air Rebusan Pepaya Muda Bisa Sembuhkan Kanker Kelenjar Getah Bening,1
"Viral! Sesumbar Ahok: 7 Bulan Gak Untung Gua Bubarin, Ehh Sekarang Tekor 11 Triliun.",1
Samsung ingin membantu siswa yang membutuhkan ponsel untuk belajar karena pandemi Covid19,1
Terapi Pijat Telinga Untuk Anak Keterlambatan Ngomong,1
Siap-siap Tambah blangsak! Pertamina Akan Hapus Premium dan Pertalite,1
Perdana Menteri Jepang Mundur Karena Terkait Virus Corona,1
Panggilan Interview PT Wijaya Karya  Tbk September 2020,1
Pabrik Mobil Esemka di China,1
Film Asal Korea Prediksi COVID-19,1
#KECANDUANGAME Terjadi di Prancis Bocah mengamuk membunuh semua orang di rumah,1
Surat Undangan LKPP dengan Pungutan Biaya,1
Habib Rizieq Shihab bersumpah tidak akan masuk ke Indonesia seumur hidup,1
Soimah Give Away,1
Akun Facebook Wakil Bupati Bogor Dengan Foto Profil Menggunakan Kemeja Putih dan Berpeci Hitam,1
Covid-19 drug Ivermectin,1
Santunan Dana BP2MI Untuk TKW/TKI dari UEA Senilai AED30 Ribu,1
Politikus PKS Netty Prasetiyani Meninggal Dunia,1
Foto Istri Durhaka Menunggu Pengampunan Suami,1
E KTP Yang Diproduksi China Sudah Dipasang Chip Untuk Menyadap Pembicaraan,1
Gara-gara HTI Pertamina Rugi 11 Triliun,1
Spanduk Warga Nahdliyin Rindu Khilafah Milik NU Tahun 2003,1
Ivermectin Obat Covid-19,1
nama negara kita *I N D O N E S I A* diberi nama sesuai dgn.Akronim Para *WALI SONGO *?,1
Video Komplek Perumahan Angker dan Rawan Rampok,1
"Tangkapan Layar Resmikan Tol di Aceh, Denny: Udah Berganti Presiden, Baru Jokowi yang Mampu Lantas, Presiden Sebelum nya,Kerjanya Apa Ya ?",1
Wapres Amerika Mike Pence meminta umat Islam yang menuntut hukum syariah meninggalkan Amerika,1
"Jokowi Berharap, Kita Semua Dapat Menerima Kehadiran TKA Cina sebagai Saudara Yang Mencari Nafkah Disini",1
Program PT Pertamina Berhadiah Cek Tunai Senilai Rp150 Juta,1
"Ketika rakyat muak dan jijik, tak ada lagi yang minta salaman dan selfie dengan Presiden Jokowi Widodo",1
Masker dapat Menyebabkan Infeksi Staph,1
"Soal Tuduhan Jokowi Anti Islam, Luhut: Umur 10 Tahun Beliau Sudah Hafal Alquran 40 Juz",1
Razia Masker Serentak Dengan Denda Rp250.000 di Wilayah Kabupaten dan Kota Bandung,1
RISMA DIBAPTIS DI GEREJA ... ? Innalillahi Wainnailahi Rojiun,1
Bantuan Covid-19 oleh BRI Melalui BRIVA,1
Biaya Tilang Terbaru di Indonesia,1
"Tak Tahan Sering DI Ejek Jaga Gereja Dan Bubarkan Pengajian Oleh Tentangganya,Seorang Anggota Banser Stress Dan Meninggal",1
Vaksin Covid Sebabkan Mandul,1
Dokumen WHO Tidak Menganjurkan untuk Memakai Masker Selama Pandemi COVID-19,1
Kisah Azab Kematian Tragis Mustafa Kemal,1
"Tangkapan Layar Ahox Tidak Akan Dicopot, Erik Tohir : Kami Punya Kepentingan Dengan Cina, Mohon Dipahami.",1
Foto Yoshitha Rajapaksa membangun hotel di Deniyaya,1
"Mahfud MD Cium Ada Kelompok Ancang-ancang Mengajak Hantam Pemerintah Bagi Yang Cinta Indonesia Mari Bersama Sama Menjaga NKRI, Dari Orang Orang Yang Ingin Indonesia Hancur",1
Hukuman Masuk Peti Mati Karena Tidak Pakai Masker,1
menurut ramalan kartun The Simpsons Presiden Amerika Donald Trump akan meninggal pada 27 Agustus 2020,1
Devils Tower in Wyoming,1
Foto Subehanallah penampakan malaikat di antara orang2 sholat di masjid nabawi,1
Foto Jokowi Pingsan dan Butuh Nafas Buatan,1
Banser di Gereja Membawa Pulang Nasi Tumpeng,1
"Tepat Sasaran, CCTV ikut terbakar hanggus",1
Foto Bendera Tauhid telah berkibar di Indonesia sejak 1935,1
Video Pengibaran Bendera Bertuliskan Kalimat Tauhid,1
Materai Dinaikan Menjadi Rp 10.000 Karena Nilai Rupiah Tidak Mungkin Menyentuh Rp 10.000,1
Baby Three Eyes Video,1
"gereja semakin sepi yg tinggal cuma pakaian, org nya udh bertobat masuk islam",1
Gatot Nurmantyo Akan Beri Gaji Rp5 Juta Per Jiwa Seluruh Indonesia Jika Jadi Presiden 2024,1
Foto Kebobrokan Indonesia yang Harus Ditutupi,1
Foto ini adalah eksodus besar besaran rakyat Suriah ketika perang saudara berkecamuk dinegara itu,1
SAID AQIL SIRADJ Menjual Tanah untuk Masjid Milik Warga ke GEREJA,1
"INNALILLAHI; Kabar Duka Dari Ustaz Yusuf, Semoga Husnul Hotima",1
Jokowi Bersama Prabowo sedang Ngomongin Rakyat yang sedang Tenggelam,1
Nyawa Presiden Jokowi Terancam,1
Media mainstream mana mau publish berita ttg aksi penolakan ruu omnibus law,1
Foto Jokowi dan Ahok di Panti Rehabilitasi Gangguan Mental,1
Pertarungan Pilpres 2024 Mengerucut Dua Pasang Calon,1
Akun Twitter @Tommy__Soeharto,1
Devils Tower di Wyoming Amerika Serikat Adalah Pohon Purba,1
TABUNG gas elpiji ada masa kadaluwarsanya,1
jurnalis muda dari Amerika bernama Fira Aziz ungkap keuntungan TikTok disalurkan untuk membuat camp konsentrasi warga Uighur,1
Korlap FPI Sebut Imam Besar Kami Punya Penangkal Virus Corona,1
Gedung KPK Terbakar,1
Video Bayi Bermata Tiga,1
Video Perbandingan Makanan Asli dan Palsu yang Dibuat di China,1
Vietcong Belajar Taktik Gerilya dari Indonesia,1
Penampakan baju putih tangan ke belakang setelah tragedi kebakaran,1
"seorang pria Baru pulang dari jepang menuju kronjo, membuang uang tabungan nya senilai 300 juta",1
Foto Jokowi Dan Prabowo Mengenakan Baju Pengantin,1
Ginger Juice and Black Pepper Can Cure Covid-19,1
Video BIADAB BANGET PERLAKUAN MEREKA SAMA JENAZAH MUSLIM ‚ÄºÔ∏è‚ÄºÔ∏è‚ÄºÔ∏è,1
"bugil,lagi setelah di pecatüòÇ",1
Video ini demo di Amerika. saat ini di masa pandemik #COVID„Éº19,1
"Karena dia bukan pilihan rakyat, Ini rezim haram hasil kejahatan antek¬≤ China",1
Hati2 Alat Ini Sdh Di Setting Suhu 36-37¬∞C Olh Komunis Cina Utk Mmbunuh Para Ulama2 Kita,1
Jokowi Keluarkan Kartu Corona Indonesia Sehat ,1
Sakit hati gua bule kagak ada yang kenal sama my presiden üò•üò•üò•,1
Jembatan Suramadu Bebas dari Aktivitas Orang dan Kendaraan ,1
Foto Presiden Joko Widodo WFH ,1
"i tanya soal virus corona korlap FPI: hanya imam besar kami yg punya penangkal virus corona,karna imam besar kami cucu nabi",1
Suntingan Video Planet Nibiru,1
Penjelasan 136 Pasien dalam Pengawasan Virus Corona di Indonesia,0
Siswi SMPN 6 Tasik Dibunuh oleh Ayah Kandungnya sendiri,0
"Pesan Berantai Tangkapan Layar Artikel Jakarta Banjir, Ketua DPRD Temukan Fakta Mengejutkan di Bawah Trotoar",1
Video Perkelahian di Jalan M. H. Thamrin,1
Mi Goreng Indonesia Masuk Daftar Makanan Yang Menyebarkan Virus Corona di Australia,1
Dettol Antiseptik Disebut Dapat Membunuh Virus Corona,1
Wuhan China Orang¬≤ berteriak gak karuan,1
Video EXPLORE Pasar Wuhan - Virus Corona Diduga Bermunculan,1
Narasi TKA di Video Demo PT IMIP Morowali,1
Foto Selebaran WASPADA PENCULIKAN ANAK Polresta Sidoarjo,1
membal karena dioplos plastik,1
"Kapolres Timor Tengah Utara , Nusa Tenggara Timur ( NTT) Beri Klarifikasi Terkait Video Polisi Diamkan Korban Kecelakaan",1
Proyek Kereta Cepat kebanggaan Presiden Joko Widodo dari hasil utang ke China triliunan ternyata tidak kokoh dan roboh. Hasilnya menyedihkan..üôÑ:smirk:,1
Video Banjir Ikan di Waduk Wadas Lintang Kebumen,1
Pesan Berantai Foto Tol Japek,1
Megawati: Jauhi Anak Dari Agama Jika Besarnya Nanti Hanya Untuk Membunuh Orang,1
Promo Iklan Kacamata Ray Ban di Instagram,1
Cegah Radikalisme Menag Akan Ganti Ayat-Ayat Al Quran,1
Presiden Rusia  main piano lagu kebangsaan RI üáÆüá© bentuk ucapan utk Jokowi..LUAR BIASA,1
Makan Buah Saat Perut Kosong Bisa Sembuhkan Kanker,1
taman moroseneng sememi surab√†ya,1
Antara Keparat & Aparat (B),1
Gambar Sampul Majalah Tempo Edisi 5-11 Agustus 2019,1
Bayi Diberi Minum Kopi Untuk Cegah Kejang,1
"Barbaque Man Party, Gay Private Party di Serpong",1
Rektor asing pertama untuk memimpin kampus UNJ ,1
Foto mobil yang terlibat kecelakaan beruntun di Tol Purbaleunyi,1
Seorang Anak SD di Lumajang Lolos Dari Percobaan Penculikan,1
Redaksi Liputan 6 SCTV: Redaksi Liputan 6 SCTV tak pernah memberitakan tentang tanah yang dipakai untuk proyek kereta api cepat Jakarta-Bandung milik RRC.,1
Daftar Obat Terlarang BPOM ,1
Hoaks Catut Nama Merdeka.com Soal Tunggu Komando Habib Rizieq Bunuh Diri Massal,0
"Wiranto: Pendukung Prabowo Yang Tidak Mengakui Kemenangan Jokowi, Tangkap, Tembak Mati!!",1
LEGENDA SEPAKBOLA BRAZIL PELE MENINGGAL DUNIA,1
Peringatan Hari Anak Nasional Se Jabar di Polda Jabar,1
Truk TNI Angkut Warga China Ke Bandung,1
Ternyata Biaya untuk Cuci Ginjal Kurang dari 10.000,1
Lowongan 25 Orang Driver Pengantar Jemaah Haji di Arab Saudi,1
Viral Video Kepala Tikus Di Mangkuk Mie ayam Di Solo,1
Video Suara Minta Tolong Pendaki yang Hilang di Gunung Piramid,1
"DISEBUT ADA MAFIA LAKUKAN JUAL BELI DARAH HASIL DONOR, PMI ANGKAT BICARA",1
Menkes Jalani Terapi DSA di RSPAD Gatot Soebroto,1
"MUNCUL UNGGAHAN TERKAIT KONDISI RISMA YANG DIKATAKAN KRITIS, PEMKOT SURABAYA ANGKAT BICARA",1
Bulog Madura Beri Penjelasan Terkait Isu Rastra Berkutu,0
SURAT PEMBERITAHUAN VALIDASI NOMOR INDUK CPNS,1
Penjelasan Pengelola KBS Soal Video Petugas Aniaya Orangutan,0
Klarifikasi Kemendagri Terkait Isu Pemekaran Sejumlah Daerah,0
Selundupan SABU dari CINA,1
Tarif Dasar Listrik Naik Lagi Awal Juli 2019,1
Badan Kepegawaian Daerah DKI Jakarta Klarifikasi Tentang Kepgub Nomor 879,0
Portal m-detiknews,1
PO Safari Dharma Klarifikasi Kabar Busnya Terlibat Kecelakaan di Tol Cipali,0
UI Berikan Klarifikasi Atas Isu Adanya Batas Minimum Nilai UTBK SBMPTN dan SIMAK UI 2019 Untuk Calon Mahasiswa Baru,0
Pemprov Sumut Bantah Kabar Gubernur Sumut Ancam Sumpel Mulut Polisi Dengan Granat,1
Akun Palsu Mengatasnamakan TNI AD,1
KTP sang Pelaku Bom Bunuh Diri di Tugu Kartasura a.n Nur Rohman,1
Masak Saya Dibilang Ikan Buntal',1
"Prabowo Sebut Kadang Harus Mundur Tapi Bukan Menyerah, kita Berjuang Lagi 2024",1
Ini Hasil Audiensi Dompet Dhuafa-Polri soal Pemukulan Staf di 22 Mei,0
"Hoaks, Danramil Sungai Kakap Tertembak dalam Pengamanan Ricuh di Pontianak",0
Margaretha Nainggolan Meninggal Dunia Karena Gas Air Mata,1
Habib rotan sudah sampai dijakarta bersama UAS langsung menuju Kartanegara,1
Polisi Tegaskan Kabar Brimob Sipit dari China Hoaks,0
Mayat Wanita di Underpass Cawang Korban Perkosaan Transportasi Online,1
Kasus ABG Ancam Tembak Jokowi Akhirnya Selesai di Luar Pengadilan,0
Isu Bom Di Pintu Masuk Mall Panakukang,1
Klarifikasi Milly Ratudian Purbasari terkait akun facebook Kinara Kania Putri yang memakai fotonya,0
"Dikritik Fadli Zon, Bagaimana Keamanan Linux Gratisan untuk KPU?",0
Bawaslu Imbau Masyarakat Kepala Dingin Sikapi Quick Count,0
"Salat Tarawih Super Cepat, Kurang Dari 10 Menit",0
Eks Kapolsek Cabut Pernyataan soal Diarahkan Dukung Jokowi,0
Buntut Panjang Penabrakan Kapal Perang RI di Selat Natuna,0
Klarifikasi UI Terkait Sebaran Form Digital Pendaftaran Muslim UI Kepada MABA 2019,0
Bank Indonesia: Utang Luar Negeri Rp 5.295 T Masih Aman,0
"Soal Chinese Money Trap, Kemenkeu Pastikan Indonesia Tak Terdampak",0
"Kehabisan Surat Suara, Bekas Bupati Lampung Selatan Ngamuk di Lapas Rajabasa",0
Risma Walikota Surabaya Marah Besar dengan KPU dan Bawaslu,1
Polri Akan Tindak Tegas Penyebar Hoax Surat C1 Pilpres 2019,0
Rekaman Suara Yang Mencatut Gatot Nurmantyo Terkait Pilpres 2019,1
"Viral Video Kotak Suara Dipindah ke Gudang di Bekasi, Ini Penjelasan KPU dan Polisi",0
Kaesang Pangarep  Komisaris Perusahaan Batu Bara yang lg nyamar jadi penjual Pisang & Kopi,1
Klarifikasi Pemkot Palu Atas Surat Edaran Hunian Tetap dan Dana Stimulan,0
Foto Prabowo dan Titiek Soeharto,0
Alasan KPU Pilih Dupleks Bahan Kotak Suara Pemilu 2019,0
Polisi Kejar Penyebar Video Pembakaran Surat Suara di Papua,0
Akan ada aksi sweeping dari ormas Forum Betawi Rempug ,1
Klarifikasi Atas Isu Pelaku Bom Srilanka Adalah WNI,0
Penyebar Hoaks Polisi Buka Paksa Kotak Suara Dihadang FPI Diciduk,0
Klarifikasi Kementerian BUMN Atas Isu BRI Akuisisi Jiwasraya,0
Imigrasi Kota Semarang Tangkap 40 WNA Pelaku Kejahatan,0
"Komisioner KPU, Ilham Saputra adalah adik kandung Yuga Aden, Tim Komunikasi Badan Pemenangan Nasional ",0
Air Terjun Dari Langit,1
14 hacker cebong lenyap,1
Forum Alumni ITB Lepas Tangan Soal Situs Jurdil 2019,0
"KPU Klarifikasi Terkait Kesalahan Input Data Form C1 Di TPS 093 Bidara Cina, Jakarta Timur",0
REDAKSI LIPUTAN 6 SCTV: Tidak Pernah Revisi Quick Count,0
Foto Quick Count dari Situs Tirto Menangkan Prabowo,1
"#INAelectionObserverSOS , #CYBERMUSLIMRUSSIANFORPRABOWOSOS , dan Isu Server KPU Diserang Hacker Bayaran",0
Ketua PA 212 Slamet Maarif mengajak para pendukung Prabowo-SAndi untuk hadir pada acara sujud syukur kemenangan di Monas.,0
Metro TV Klarifikasi Tayangan Quick Count Unggulkan Prabowo,0
Taruhan Pilpres Berhadiah Lapangan Sepakbola,1
5 Panita Pengawas Desa di Aceh Tamiang Dipecat karena Pose Dua Jari,0
Pesan Gus Dur sebelum wafat terkait Habib Rizieq,1
Berpose Foto Salam Dua Jari Memakai Rompi Bawaslu,0
Bawaslu Bantah Pelaku Surat Suara Tercoblos Di Malaysia Telah Ditangkap,0
"frustasi, gara-gara gak laku, kampanye sepi, akses jalan dihadang oleh mobil oknum dari salah satu paslon",1
Klarifikasi PT Schroder Terkait Isu Memberikan Dana Kampanye Untuk Sandiaga Uno,0
Klarifikasi Polisi Terkait Isu Larangan Kendaraan Plat L dan W Masuk ke Malang,0
Aksi Sweeping Pendukung 02 Terhadap Pendukung 01 Di Soloraya,1
Pemerintah Jokowi Tawarkan Kota Bogor Kepada Cina,1
"Hina Jokowi di Pinggir Jalan Cileungsi, Lelaki Misterius Ini Ditangkap",0
Uang Ganti Rugi JTTS Dititipkan di PN Kalianda,0
Klarifikasi Twitter Tentang Tuduhan Tak Netral di Pemilu 2019,0
Prabowo Ditinggal Pendukungnya Saat Orasi di Padang Sumatera Barat,1
Klarifikasi Gus Mus  Terkait Video Rekayasa Dirinya Menanggapi Pernyataan Maruf Amin,0
Habib Rizieq Syihab : Menlu Retno LP Marsudi mengimbau staf KBRI Riyadh dan KJRI Jeddah di Arab Saudi agar memenangkan capres Jokowi,1
Klarifikasi Atas Isu OTT Bupati Kapuas Oleh KPK,0
"Luhut: Memilih Prabowo, Berarti Anda Menginginkan Ideologi Pancasila Dirubah, Termasuk Penghianat Bangsa",1
PT KAI Memberikan Klarifikasi Terkait KA Argo Parahyangan Berasap,0
Pengadilan Agama Garut Sebut Pesan Berantai Nomor Telepon Janda Garut Adalah Informasi Hoaks,0
"Termakan Hoaks Alat Kelamin Besar, Mertua Laporkan Menantunya ke Polisi",0
Pesan Berantai yang Mencatut Nama Gus Sholah Disertai Tulisan Umat Islam Hukumnya Haram Pilih Jokowi,1
LIPI Tidak Mengeluarkan Hasil Survei Capres-Cawapres,0
Tangkapan Layar Artikel KPK Minta Jangan Coblos Calon yang Bagi Uang dan Sembako,1
"Papan Elektronik Masjid Unsri Diretas: Sholat no 1, Presiden No 2",0
Penjelasan terkait Video Mobil Berplat TNI yang Membawa Logistik Kampanye Prabowo-Sandi,0
Driver Ojek Online Berhasil Bangun Rumah Mewah Dan Rumah Kost Dari Hasil Ngojek 4 Tahun,1
Perampokan Wanita Oleh Supir Taksi Online di Balikpapan,1
Klarifikasi Bukalapak Terkait Kabar Peretasan Situsnya,0
"Klarifikasi Keluarga Zulfirman Syah, Korban Penembakan Brutal di Masjid Christchurch",0
Pesan Berantai Bakso Tikus,1
Mobil B 2 64RIS yang Ditumpangi Prabowo Subianto di Cianjur Milik Mantan pemimpin ISIS Regional Indonesia,0
Penjelasan Iwan Fals terkait Foto Salam 2 Jari dan Poster Dukungan Dirinya Kepada Jokowi,0
BMKG Kupang Bantah Terkait Informasi Prakiraan Badai di NTT Yang Beredar di Media Sosial,0
"Penjelasan terkait Unggahan yang Berisi Berita Berjudul Tanahnya Dipatok Rp3.500 per Meter, Warga Demo Bawa Foto Jokowi Hoax Ganti Untung",0
"Klarifikasi LIPI Terkait Isu Pemusnahan Buku, Tesis, dan Disertasi",0
"Program Percetakan Alquran Dihentikan, Mantan Menag Menangis'",1
Krakatau Steel Beri Klarifikasi Soal Viral Video 1.000 TKA China,0
Turn Back Hoax Dibentuk Bukan Untuk Menangkal Hoax Melainkan Untuk Menaikkan Elektabilitas Jokowi,1
Polri Tepis Tudingan di Medsos soal Pasukan Buzzer Polisi Dukung Jokowi,0
Klarifikasi BPPTKG Terkait Video Erupsinya Gunung Merapi dan Kepanikan Warga,0
Program Beasiswa Unggulan Mengatasnamakan Kemendikbud,1
Artikel dari Fanspage Info TvOne News dan Situs operain.blogspot.com,1
"Penjelasan Lengkap terkait Unggahan yang Bergambar Ridwan Kamil, Yusuf Mansur, dan TGB soal Dugaan Kasus Hukum yang Menimpa Mereka di Media Daring",0
Klarifikasi KPK Terkait Isu Mengusulkan Penghapusan LHKPN,0
Gatot Nurmantyo Bantah Isi Pesan Berantai Yang Mencatut Namanya,0
"Judul Berita TKA China Punya e-KTP, Mendagri : Jangan Protes!! Petahana Punya Hak Atas Segalanya",1
Video Bunuh Diri yang Terjadi di Mayasari Plaza,1
Akun Facebook Polwan Dukung Prabowo Sandi,1
Ridwan Kamil Bantah Artikel Ridwan Kamil: Di jawa Barat Kita Akan Mendata Siapa Saja Yang Tidak Mendukung Jokowi!!,0
Ketum PEPES Bantah Emak-emak Ditangkap di Karawang Anggotanya,0
Klarifikasi Terkait Isu Kelangkaan Gas LPG 3 Kg di Bangka Belitung,0
Foto Massa Demo Jokowi Tanpa Pakaian,1
Klarifikasi Kemenag Terkait Kabar Pemecatan Dosen Hayati,0
Caleg PDIP Minta Maaf atas Viral Senam di Atas Sajadah,0
Pelintiran Video SBY Dukung Nomor Satu,1
Klarifikasi Tokopedia Terkait Isu Kebocoran Data,0
Nama Jokowi Masuk Daftar Klien Konsultan Asing Stanley Greenberg,1
Kemenristek Dikti Bantah Surat Terkait Pengembangan Hybrid,0
"Viral Permintaan Maaf, Subkhan Petani Bawang Bantah Bikin Surat.",0
Surat Panggilan Proses Penerimaan Kerja PT Pelni,1
Panen Bawang Berlimpah Ciptakan Krisis di India,0
Pulau Batam Dianggap Sebagai Wilayah Luar Negeri.,1
Pelaku Pembakaran Beberapa Mobil di Daerah Jawa Tengah Sudah Tertangkap,1
Ellen DeGeneres Bagi-Bagi Hadiah Valentine di Facebook ,1
Memasak Popcorn Dengan Ponsel ,1
Hasil Survei Litbang Kompas untuk Pilpres 2019 di Bandung,1
Penjelasan Terkait Adanya Simbol yang Menyerupai Tulisan Allah di Sepatu Nike Air Max,0
Pesan Melalui Email Tentang Pembukaan Tabungan Bank DKI,1
Surat Undangan Bimbingan Teknis atas Nama Kemendikbud,1
Tes Merkuri pada Kosmetik Dengan Emas.,1
Ibu Hamil Dilarang Nonton Gerhana karena Bahaya,1
Cita-cita Bocah Ingin Prabowo Menang Saat Ditanya Jokowi,1
Video Viral TNI Akan Tembaki Generasi PKI dan Pemuda-pemudi Kritis,1
Foto Suntingan Anna Maria Marten,1
Salam üëÜ dari MAHER ZAIN,1
Iklan Lelang Barang Pegadaian,1
Penjelasan Terkait Beredarnya Foto Kartu E-Money Prabowo-Sandi,0
Kapten Leo Sianturi Ditelantarkan Rumah Sakit TNI,1
Razia STNK di Jakarta,1
Video Operasi Karena Lintah di Kangkung,1
SURAT UNDANGAN WORKSHOP PENDUKUNG JABATAN FUNGSIONAL PERENCANAAN ,1
Patung Ahok di museum lilin Madame Tussauds Hongkong,1
setelah mau pilihan pilres buru buru adakan sidak,1
Bayar Kuliah Pakai OVO Dapat Cash Back 60 Persen,1
MEGAWATI MINTA JOKOWI PECAT ANGGOTA TNI YANG MERAZIA BUKU BERBAU KOMUNIS.,1
Prabowo Ogah Tes Baca Al Quran Tapi Pilih Pesta Wine Joget Hura-hura?,1
Tugu KB Ditutup Terpal Karena 2 Jari,1
Sudah menyebar didiamkan pula,1
Penjelasan Mosaik Jalan di Depan Balaikota Surakarta Solo yang Disebut Mirip Salib,0
Penjelasan Lengkap Duduk Perkara terkait Video Viral Massa Geruduk Gereja di Sumatera Utara,0
JAGAN KETAWA. KETAWANYA DALAM HATI AJA,1
"Gelar Aksi Buang Cabai ke Jalan Karena Termakan Hoax Cabai Impor, Petani Demak Minta Maaf.",0
Cek Fakta Pidato Kebangsaan Prabowo Subianto,0
Penjelasan Para Elit Garbi Terkait Para Peserta Acara Deklarasi Garbi Chapter Bandung yang Memakai Kaos Jokowi-Maruf Amin,0
Agnez Mo JAHAP,1
Ustaz Arifin Ilham Berobat Ke Malaysia Naik Jet Pribadi Milik Prabowo,1
Prabowo Bisa Ngaji Ini buktinya,1
Kominfo Akan Blokir Game Online,1
Potensi Gelombang Tsunami di Tapanuli Sumatera Utara,1
Sakit nya tuh disini,1
CNN Indonesia: Bank Dunia Akui Laporan Infrastruktur Jokowi Belum Final,0
"Ketua KPU, Arief Budiman Terpilih Walau Suara Terkecil",1
"KPK Tidak Melakukan OTT di Pontianak, Kalimantan Barat",0
The Jakmania dan Suporter Semen Padang Dukung Jokowi-Maruf Amin Dalam Pilpres 2019,1
BMKG Papua Mengklarifikasi Isu Akan Terjadi Tsunami di Papua,0
jokowi pewaris indonesia krn beliau cucu sunan kali jaga,1
tercetak sebelum tgl 1 januari,1
"Tes Baca Quran, Ini Jawaban Mengejutkan Prabowo",1
Terjadi Kebakaran di Daerah Rasau Jaya Kalimantan Barat,1
Buat cebong jngn nyinyir trus klo bukti udh d tangn kita klian mu apa,1
Viking Persib Club Bantah Dukung Pasangan Capres-Cawapres Tertentu,0
Penjelasan MUI terkait Pernyataan Tengku Zulkarnain yang Sebut MUI akan Ajukan Hukuman Potong Tangan Bagi Koruptor,1
"SRI MULYANI: YANG TERIMA GAJI GURU TETAP, YANG CAPEK MENGAJAR MALAH HONORER",1
Program Pinjaman Dana Oleh PT PNM ,1
Penjelasan Bupati Nduga Terkait Foto Anaknya sedang Memegang Bendera Bintang Kejora,0
Klarifikasi TNI-Polri Terhadap Tudingan Melakukan Penyanderaan Rombongan Tim Evakuasi Kemanusiaan dan Pemda Nduga,0
seorang perwira Cina memukuli seorang Muslim Uyghur karena memiliki salinan Alquran,1
a Chinese officer beating a Muslim Uyghur for having a copy of the Quran,1
TIDAK DIBERITAKAN OLEH MEDIA MAINSTREAM,1
Ternyata Sandiaga Salahuddin Uno  Punya Gelar Professor tetapi tidak dipakainya,1
#Lumpur_Panas dipinggir pintu tol GLC,1
Ternyata Prabowo datang ke pengungsian daerah labuan Banten,1
Pendatang Cina diberi arahan oleh KPU untuk memenangkan petahana,1
Jangan Pilih Pemimpin Karena Suap Rp 100 Ribu,1
Jidat Ulama Banten Bertuliskan Kafir,1
Video Air Pasang Hingga ke Daratan di Ujunggenteng,1
Kementerian PUPR Memberikan Klarifikasi Terkait Jembatan Layang Rawa Buaya yang Dikatakan Retak,0
Sumber Mata Air muncul di Riyadh,1
Sedekah atau Money Politik?,1
Air Laut di Merak Surut 7 Meter,1
PRABOWO SUBIYANTO sedang menjalankan ibadah Misa Kebaktian,1
Lapan Mengklarifikasi Soal Dentuman Misterius Bukan Dari Suara Ujicoba Roket,0
Keren Sultan Jogja Tolak Tol,1
Meme Prabowo Sholat itu gak penting!,1
Penyiksaaan anak2 uyghur oleh china komunis,1
BMKG Tidak Bunyikan Sirine Peringatan Dini Tsunami di Banten,0
INDONESIAN MILITARY USING CHEMICAL WEAPONS ON WEST PAPUANS,1
pakai menyamar jadi lelaki gelar habib,1
salam dua jari Kapal sudah oleng kapten,1
Kita jangan sampai DIAM saja,1
Kondisi terkini Bahar Bin Smidh dipindahkan ke Rutan Pondok Bambu,1
"Surat Tertulis Xi Jinping: Jika Kedubes China Diusir Dari Indonesia, ...",1
Orang penyakitan kok Nyapres,1
Klarifikasi Polisi Terkait Tuduhan Melakukan Diskriminasi Pemeriksanaan Kepada Orang Asli Papua  di Lapangan Terbang/Bandara Kenyam,0
Penjelasan KPU dan BPN Prabowo-Sandi Terhadap Informasi Iklan KPU yang Tidak Cantumkan Gelar Akademisi Prawbowo-Sandi,0
Tabrakan dengan Setan,1
PAWAI KEMENANGAN PERSIJA SEPI DARI PEMBERITAAN MEDIA,1
Ancaman Pembunuhan Pada Anggota KPU Jika Tak Menangkan Jokowi Di Pilpres 2019,1
inilah penyesatan akidah yg sesungguhnya,1
Poster Nikah Bareng di Pamekasan,1
yusuf kallah selingkuh dukung no 2 menyelamatkan diri dari Partai PKI,1
Selamat datang penjajah yg legal,1
Ternyata Media Jepang jauh lebih fair ketimbang Media Nasional,1
Jembatan Gadog Bogor Ambruk,1
Gambar Logo PDIP pada Ujian SD di Bogor,0
Arahnya SUDAH PASTI bisa ditebak,1
10 Juta Massa PBNU & GP Ansor akan Mengepung Kedubes Arab Saudi,1
Perhutani Mengklarifikasi Penemuan Lahan Pembibitan Ganja di Bogor,0
Otoritas Padang Kirimkan 1 Ton Rendang Untuk Reuni Akbar 212,1
Nusron Wahid : Kalau Peserta Aksi 212 Lebih dari Seribu Orang Ludahi Muka Saya,1
Indosat Tidak Mengirimkan SMS Berantai Kepada Penggunanya Di Lokasi Reuni Alumni 212,0
REUNI 212 kali ini akan kedatangan 2 peserta baru yaitu OJOL & GURU HONORER,1
Hak Rakyat Mau kemana mau naik apa itu terserah kami,1
Surat Undangan Tahapan Seleksi Rekrutmen Karyawan PT. Garuda Indonesia,1
Poto Prabowo Presiden sudah mulai dilengketkan di dindingnya,1
LUAR BIASA! ERDOGAN : NEGARA ISLAM HARUS MEMBANTU INDONESIA KELUAR DARI HUTANG!,1
BIN Keluarkan Surat Siaga I Terkait Kegiatan Reuni 212,1
Video Peserta Reuni 212 Solo Jalan Kaki ke Jakarta,1
Klarifikasi Ponpes Darul Muwahiddin Atas Penolakan Kedatangan Maaruf Amin,0
PENYELUDUPAN SENJATA BERKONTAINER DI MOROWALI !,1
"ATAS KEINGINAN JOKOWI, CHINA SEGERA KIRIM 3 JUTA WARGANYA KE INDONESIA",1
Cuitan Akun Twitter Pemkab Sleman @kabarsleman yang Isinya Terkait Hari Rabu Menjadi Hari Libur,1
Klarifikasi Garuda Indonesia Soal Pesawatnya yang Dikatakan Tergelincir di Bandara Adisucipto,0
Penjelasan Kepala Media Center Prabowo terkait Pidato Prabowo yang Sebut Indonesia Hanya Punya 1 Profesor Fisika,0
Ben Indonesia geger terus,1
Klarifikasi PT KAI Atas Tuduhan Membatalkan Tiket Rombongan Reuni 212,0
Penjelasan Bawaslu dan KPU terkait Kabar Pasien Pengidap Gangguan Jiwa Boleh Nyoblos dalam Pemilu 2019,0
ESEMKA MENELAN KORBAN !!!,1
Viral Ridwan Kamil Mereview Film A Man Called Ahok,1
Klarifikasi GIGI Mengenai Band Gigi for Prabowo Sandi,0
Timor Leste Mau Kembali Bergabung Dengan Indonesia Sekarang ,1
BAND GIGI FOR PRABOWO SANDI,1
Foto Grace Natalie Hasil Suntingan,1
Klarifikasi RSUD Tarakan Terkait Kabar Penahanan Bayi Pasien,0
Klarifikasi Pertamina Perihal Lowongan Kerja RDMP RU V di Balikpapan,0
PEMBOHONGAN PEMURTADAN Strategi Gereja untuk publik,1
Pemurtadan Melalui Budaya Betawi,1
Teori Konspirasi dari Akun Instagram @indonesian_flatearth_society Tentang Imunisasi,1
Klarifikasi Gubernur DKI Jakarta Terkait Wacana Penghapusan Koridor 1 Transjakarta,0
BKN Bantah Umumkan Informasi Kebijakan Baru Passing Grade Untuk CPNS Agar Lulus Tes SKD,0
GERAM! TURKI KERAHKAN PASUKAN ELITE BUAT LACAK PEMFITNAH HABIB RIZIEQ,1
Pihak Kepolisian Bantah Info Penculikan Kakak Beradik di Sragen kota,0
Protes muslim rusia atas pembakaran bendera tauhid,1
PT Pertamina Rekrut Pegawai Baru dan Adakan Program Beasiswa,1
Rudy Hartono Meninggal Dunia ,1
Klarifikasi BPN Prabowo-Sandi Terkait Isu Penunjukkan Hotman Paris Hutapea Sebagai Pengacara Timses,0
Terimakasih boyolali atas demo hari ini,1
Tolong Bela Boyolali Yo Mas,1
detik2 jatuhnya lion air jt610 üò¢,1
SI BOSS MINTA SEMUA PESANTREN DI TUTUP,1
"Noktara.de Adalah Portal Satire, Bukan Portal Berita",0
Penculik Anak di Talang Jambe,1
Begitu kejamnya Rezim ini,1
PELAKU PENCULIKAN ANAK TERTANGKAP DI WARUNG KETAN SUSU KEMAYORAN,1
Presiden ikut mngusung jenazah seorang muadzin,1
Kapten Timnas U-23 Hansamu Yama Bantah Dirinya Menjadi Salah Satu Korban Kecelakaan Pesawat Lion Air JT 610,0
Video Detik jatuhnya pesawat lion air,1
Semoga korban kecelakaan pesawat yg meninggal Husnul Khotimah,1
Dari Gadget yg ditemukan JT 610 Lion Air,1
Korban penculikan mata di curi,1
HATI-HATI sudah banyak penculikan anak...,1
Pernyataan Timses Prabowo-Sandiaga Terkait¬†#PrabowoBersamaHTI¬†di Twitter,0
Kemenkeu Klarifikasi Soal Sri Mulyani Pakai Topi Kalimat Tauhid,0
Klarifikasi Komisi Hukum MUI Terkait Isu Akan Melaporkan GP Ansor dan Banser Ke Polisi Terkait Kasus Pembakaran Bendera,0
Tanggapan Gubernur Babel dan Kepala Dinas PUPR Babel terhadap Taman Pemprov yang Mirip Mata Dajjal,0
Klarifikasi PT Go-Jek Terkait Isu Adanya Pemutihan Massal Akun Eks Mitra Go-Jek,0
Pihak BRI Kalrifikasi Info Terkait Pemblokiran Massal Atm BRI Pada 30 Oktober 2018,0
"BENDERA TAUHID DIBAKAR DI INDONESIA, ERDOGAN MENANGIS LALU BERPESAN SEPERTI INI",1
Pernyataan GP Ansor Terkait Banser NU Garut yang Membakar Bendera Tauhid Bertuliskan La ilaha illa Allah Muhammad Rasulullah,0
Klarifikasi BKN Terkait Adanya Informasi Mengenai Tidak Perlu Ujian Bagi Peserta CPNS yang Lulus Administrasi,0
#Pray for Banglades,1
Klarifikasi BNPB Terkait Kabar Ada 2 Warga Belanda Korban Gempa Palu,0
Kementrian Agama Bantah Sertifikat Perizinan Untuk Kelompok Bimbingan Ibadah Haji ,0
TANPA KK & KTP ,1
Mahasiswa Aksi Tolak Kenaikan BBM Malah di Pukuli sm Aparat,1
Video Angin Puting Beliung Yang Menerjang Pemalang Baru-Baru ini,1
Gambar yang Memperlihatkan Muhammad Muslim Sebagai Pegawai Kemenag Jember Bertuliskan PA 212 Muak dengan Prabowo : Kami Eks 212 mengajak bersama-sama untuk mendukung Jokowi Maruf Amin karena kubu Prabowo hanya akan menurunkan citra dan menghancurkan PA 212,1
Laut telah mengembalikan mayat bergelimpangan yg disapu Tsunami di Palu,1
": KIPER PERSIB BANDUNG, I MADE WIRAWAN MENINGGAL",1
SEORANG BAYI DAN IBU SELAMAT SETELAH TERKUBUR DI LUMPUR SELAMA DUA MINGGU,1
Informasi Akan Terjadi Gempa Bumi di Situbondo Dengan Mencatut Nama Kiai,1
Situs SSCN Akan ditutup Setelah 15 Oktober 2018 Sehingga Peserta CPNS Tidak Bisa Cetak kartu Pendaftaran,1
Klarifikasi Kemenpora Terkait Pelatih Asian Games 2018 yang Belum Terima Bonus,0
Polisi Mengklarifikasi Info Terkait Diberlakukannya Uji Tliang E CCTV Mulai Hari Ini,0
Pernyataan Polri Terhadap Acara Kontes Gay dalam Grand Final Mister dan Miss Gaya Dewata 2018 di Bali,0
BIARKAN YOGYAKARTA TANPA JALAN TOL,1
Habib Rizieq FPI dihianati? Iam Pro America ,1
Klarifikasi UGM Terkait Pencabutan Izin Tempat Penyelenggaraan Seminar Kebangsaan: Kepemimpinan Era Milenial,0
Tulisan Kaos Khabib Nurmagomedov,1
akibat melecehkan al.quran wanita ini jadi begini,1
Klarifikasi Tentang Isu Gunung Salak Erupsi/Meletus,0
ùó•ùóòùóûùóòùó°ùóúùó°ùóö ùóöùóòùó°ùóóùó®ùóß ùóùùó¢ùóûùó¢ùó™ùóú ùóóùóú ùóüùó®ùóîùó• ùó°ùóòùóöùóòùó•ùóú ùóßùóúùóóùóîùóû ùóóùóúùóüùóîùó£ùó¢ùó•ùóûùóîùó°,1
Pesindo ,1
Seorang Anggota Komite Nasional Papua Barat (KNPB) Tewas Dibantai TNI/POLRI,1
: Info Rekruitmen BUMN PT Nindya Karya (Persero),1
Belum Ada Susunan Resmi Tim Kampanye/Pemenangan Pasangan Prabowo-Sandi Hingga Kini ,0
Indonesian Government still hasnt declared a National Disaster. Incredible. |  Pemerintah Indonesia masih belum mendeklarasikan Bencana Nasional. Luar biasa.,1
Indonesia Baru Mengetahuinya ,1
Memo SBY Dukung Jokowi-Maaruf Amin Pada Kamis Malam ,1
Pernyataan Sikap Netral Universitas Indonesia ,0
Pihak Keluarga Almarhumah Siswi SMPN 2 Semen Bantah SA Meninggal dalam Kondisi Telinga Berdarah dan HP Berantakan di Lantai ,0
Golden Fireworm ,1
PT Indonesia Morowali Industrial Park  Membantah Isu Senjata Api Selundupan,0
Penyebutan Adzan di Video Wawancara Oleh Penyelamat di Thailand |  Mention of Adzan in Interview Video by a Rescuer in Thailand,1
KAHMI Menyelenggarakan Deklarasi Dukungan untuk Anies Baswedan sebagai Capres 2019 ,1
"Kemenhub Mengklarifikasi Kapal Feri Lestari Maju Sengaja Dikandaskan, Bukan Tenggelam",0
M. Romahurmuziy : Yang Naikkan BBM itu SPBU Jangan Salahkan Presiden yang Cinta Rakyat,1
Seorang Ibu-Ibu Meninggal Akibat Terperosok di Setu Babakan Jagakarsa Jakarta Selatan,1
REKRUTMEN PT PINDAD ,1
Maradona Bantah Kabar Dirinya Meninggal Usai Laga Argentina vs Nigeria Pada Piala Dunia 2018,0
Polsek Kintap Mengamankan Seseorang yang diduga Membagikan Uang dan Sembako Saat Pemilu,1
Video Erupsi Gunung Sinabung |  Video of Mount Sinabung Eruption,1
Rektor ITB Bantah Berikan Dukungan kepada Satu Pasangan Cagub dan Cawagub Jabar,0
Klarifikasi Kepala BKPSDM Kabupaten Pamekasan Terkait Isu Penerimaan 80 Aparatur Sipil Negara  di Pamekasan,0
Es Krim Dengan Parasetamol |  Ice Cream With Paracetamol,1
"OKNUM TERCIDUK PESTA GANJA MENGAKU DARI UNIVERSITAS BOSOWA, PIHAK KAMPUS KLARIFIKASI",0
Lowongan Kerja di Perusahaan BUMN PT Adhi Karya ,1
Video Orang Yang Telah di Makamkan Selama 4 Hari Kembali Hidup,1
Pencairan Tunjangan Hari Raya  Bagi Pensiunan Pegawai Negeri Sipil (PNS) Dilakukan Tanggal 5 Juni 2018,1
Ditjen Imigrasi Bantah Indonesia Keluarkan Visa Untuk Israel,1
Bapenda Sulsel Mengklarifikasi Bahwa Tidak Ada Pemutihan Pajak Kendaraan,1
PKS Luruskan Hoax Kader Komentar Kartini Pemuas Seks Belanda',0
Ketik @ [ 4: 0 ] Tanpa Spasi Artinya Akun Aman,1
UNIVERSITAS SEBELAS MARET NYATAKAN TAK ADA PENCABUTAN PENERIMA BEASISWA BIDIKMISI,1
Zulkifli Hasan Sebut 5 Fraksi di DPR Dukung LGBT,1
Beredar Tarif Tol Bakauheni Lampung,1
: Islam (adalah) Anti Hoax,0
Mengapa Fakta Tidak Meyakinkan Orang ,0
Foto Pengendara Ojol yang Berdarah Dipukuli Sopir Taksi,1
Cell Breathing,0
erbedaan Es Batu dari Air Matang atau Mentah,1
"Anies : Solusi Banjir Di Jakarta Bukan Dari Gubernur Melainkan Dari Allah Swt, Mintalah Supaya Tidak Hujan !!",0
"SURAT DARI HALMAHERA, TAMBANG EMAS MALUKU UTARA DIBERIKAN KE PIHAK ASING?",1
: (LPPOM) MUI Ambil Uang Rakyat Melalui Program Sertifikat Halal,1
Formulir Pelaporan Kelahiran Yang Menampilkan Penggolongan Tanpa Penyebutan Agama Islam,0
[DISINFORMASI] [FAKTA] [CAMPURAN] 23 KEBETULAN ITU,1
Menyikapi Penangkapan Pelaku Terduga Sindikat Berita Hoax,0
Pakar IT No.1 Dubai Mengatakan Chat Habieb Rizieq Shihab-FIRZA 100% Palsu ,1
Tidak Ada Organisasi Asosiasi Pengusaha Indonesia Taiwan (APIT),0
"Nomor Telepon Luar Negeri Diklaim Mampu Menyalin Seluruh Data Kontak Hp, Kartu Kredit dan Rekening Bank",1
Kontrak Politik Anies Baswedan Untuk Pimpin Jakarta Dengan Nilai Syariat Islam,1
Penculikan Anak Untuk Jual Organ Tubuh,1
Alm. KH. Hasyim Muzadi Adzan Subuh Sebelum Wafat,1
"Indonesia Siaga 1 Setelah Pilkada, Tentara Cina Komunis Akan Makar",1
Meme Gus Mus,1
Pendukung Ahok Tidak Paham Sholat Jenazah Tidak Pakai Ruku,1
Foto Jokowi Shalat Jenazah Pakai Duduk,1
Foto Putri Arab Berbusana Tradisional Bali,0
Meme Anggaran Kemendikbud 400 Trilyun,1
Video Cindera Mata Raja Salman Untuk Ibu Iriana Jokowi Yang Diserahkan Ke KPK,1
PGI Siap Berkati Jasad Muslim Pendukung Ahok Yang Tidak Diurus Oleh Muslim,1
Meme Pesan Gus Dur Sebelum Wafat,1
Foto Salam Tiga Jari Raja Salman,1
Daftar Obat Terlarang BPOM (Kop Surat RS Siloam),1
Klaim Ahok Bersalaman Dengan Raja Salman Adalah Hoax,1
Penggerebekan KPK Dan Polri Di Rumah Anies Baswedan,1
Ahok Dan Pendukungnya Alami Masalah Otak,1
Ahok Resmi Dihukum Pancung,1
Dana Santunan Korban Crane Sudah Cair Tapi Belum Disalurkan,1
Terjemahan Koran Berbahasa Arab Bahwa Indonesia Kurang Bertata Krama Terhadap Raja Salman,1
Parasetamol Mengandung Virus,1
Foto Bambang Tri Kondisi Terbaru,1
Foto-Foto Aparat Bersenjata Di Jakarta,1
Banjir Di Depan Istana,1
KPU Dipimpin Ainun Najib Dan Servernya Dikendalikan Dari Singapura,1
Cumi-cumi Raksasa Di Meulaboh,1
Video Simulasi Hacking Manipulasi Suara Pilgub DKI 2017,1
"AOCT, Hackers Yang Mengganti Data Paslon 3",1
Arab Saudi Ancam Skorsing Haji Indonesia Jika Kasus Penista Agama Tidak Dihukum Setimpal,1
Istana Melarang Sholat (Di Mesjid Baiturrahim Istana),1
AOCT ,1
Website KPU Gampang Jebol Karena Scriptnya Telanjang,1
Gatot Nurmantyo Akan Menghabisi Oknum PKI Walaupun Joko Widodo Melarang Dan Berisiko Dipecat Sebagai Panglima TNI,1
Penonaktifan Ahok Presiden Menunggu Isyarat Dari Investor Reklamasi (Foto),1
Istana Adalah Pelaku Manipulasi Data (IP Address 112.215.71.242),1
Sapi Hasil Persilangan Dengan Babi,1
Mujahid Cyber Membela KPU Dari Serangan Hacker Ahok,1
Yang Benci FPI Ada Lima (Foto Gus Mus),1
Sapi Blasteran Babi,1
: Pengobatan Jantung Koroner dengan Terapi Kelasi (Chelation) Bisa Gantikan Angioplasty,0
Boikot Sari Roti Yang Ganti Nama Jadi Garmelia,1
Tulisan Indonesia Di Uang Rupiah Emisi 2016 Seperti Senjata,1
Teman Ahok Akan Bunuh Diri Jika Kalah Di Pilkada (Screenshot TV),1
LSM Preman Dijamu Pembina Preman Kapolda Jabar (Foto Makan Bersama),1
Biskuit Mudah Terbakar Karena Mengandung Lilin,1
Temuan Money Politic Paslon 2 (Foto Tiga Ibu Memegang Amplop Berisi Uang),1
Gedung Putih Dibanjiri Massa Pro Ahok Menuntut FPI Dibubarkan,1
Uang jaman Ir.Soekarno bertuliskan lafadz ALLAH ,0
Alm. Ust. Suratman Meninggal Dunia Setelah Dikeroyok Kader GMBI,1
Jokowi Terobos Kebakaran Pasar Senen Pedagang Teriak Pencitraan,1
Kalijodoh Dimiliki Oleh Sinarmas Land,1
Foto Santri Berbaris Bergandengan Tangan Dengan Tulisan Mendukung FPI Dan Ulama Yang Di Dzolimi,1
Foto Hitam Putih Tentara Mengibarkan Bendera Dengan Logo Komunis Dan Uang Pecahan 100 Ribu Rupiah,1
"7 Ciri Penipuan Telpon, SMS dan Kupon Undian Berhadiah",0
Facebook akan Menyaring Berita Bohong di Jerman,0
Ceramah Panglima TNI Gatot Nurmantyo Pada Acara Maulid,1
Air Mineral Yang Membundel Sari Roti Juga Mesti Diboikot,1
Korban Om Telolet Om,1
Stand Indonesia Di Dubai Stylenya China,1
Ahok Kabur Untuk Menghindari Amukan Warga,1
MyRoti Adalah Kloningnya Sari Roti,1
Minuman White Koffie Mengandung Babi,1
Cut Meutia Digambarkan Tidak Berjilbab Dan Mirip Cina Di Uang Rupiah Baru,1
Kenaikan Penerimaan Negara Bukan Pajak (PNBP),1
Foto-foto Provokasi Atas Nama Emy Natalinda Gumulja,1
"Malaysia Ada, Mana Indonesia?",1
"Hari Ini Ditemukan Bayi Diantara Reruntuhan, Subhanallah, Bayinya Masih Hidup #SavePidieJaya #SaveAceh",1
Bendera Pada Foto Presiden Dan Wakil Presiden Berwarna Merah,1
Ahok Ziarah Ke Makam Ibu Angkatnya Memakai Sepatu,1
Pengakuan Agama Yahudi di Indonesia,0
Ahok Ditolak Dimana-mana dan Terpaksa Kabur untuk Menghindari Amukan Warga,0
Bahaya Tanaman Penyebab Leukimia,1
Negaraku Sudah Dimakar! (Foto Mobil Avanza Putih Dengan Plat Asing),1
Belanja Di Indomaret / Alfamart Dipotong 100 Rupiah Untuk Donasi Kampanye Ahok,1
Menertawakan Pernyataan Polisi Soal Daya Ledak Bom Pressure Cooker,1
Sikat Gigi Mengandung Bulu Babi,1
"KTP Calon Pelaku Bom Bekasi Dibuat Tahun 2004, Usia Pembuatan KTP 15 Tahun, Berlaku 9 Tahun.",1
Bendera China Berkibar Di Gedung Pabrik Cat Daerah Jakarta,1
Mobil Ditempel Stiker Logo Palu Arit,1
Ahok Melakukan Kristenisasi Di DKI Dengan Menggunakan APBD,1
Lembaga Anti Hoax Koq Akan Dibuat Mabes Polri Bersama Teman #ahok?,1
"Bravo Jokowi, Bravo Ahok (Makin Menjamur, PSK Amoy Asal Cina di Jakarta Raup Rp 40 Miliar/Bulan)",1
Sebelum Tahun 1960 Tak Pernah Dijumpai Nama Hari Yang Bertuliskan Minggu Selalu Tertulis Hari Ahad,1
"Aceh Boikot Nasdem, Surya Paloh Atau Surya Paleh Penghianat Agam",1
Paus Yohanes II Masuk Islam,1
Masa Aksi Kita Indonesia Mencapai 100 Juta Orang (Metro TV),1
Foto Warga Palestina Berkumpul Ikut Dalam Aksi 212 Di Palestina,1
Pria Mabuk Penenteng Golok Pada Aksi 212 Tewas Di Tahanan Polisi,1
Dari Turki Menyapa Aksi Super Damai Indonesia #penjarakanahox,1
"Biarlah Foto Ini yang Berbicara (Antara Nachrowi, Sylviana & Rizieq)",1
Tito Karnavian Dan Ahok Minum Miras Bersama,1
Jutaan Burung Ini Tiba-Tiba Saja Berkumpul Memenuhi Pantai Di Dubai,1
Di Menado sudah berkibar bendera PKI...,1
Melayu Singapura: Negeri Kami Diambil Orang,1
Penculikan Di Bekasi Oleh Wanita Memakai Mukena Putih,1
"Beredar Foto Wefie Kapolri dengan Ahoker, Netizen Pertanyakan Netralitas Tito Karnavian",1
Instagram Awasi Kaum Sipit Dan Pesek,1
Keberangkatan Puluhan Umat Se-Jabar (Tanggal 30 November 2016) Untuk Aksi Bela Islam Jilid 3 Yang Dipimpin Oleh KH Gymnastiar,1
Pasukan Turki Menangkap Biksu Buddha Pembantai Muslim Myanmar,1
Vaksin Kanker Serviks Menyebabkan Menopause Dini,1
Gempa Bumi Melanda Myanmar Karena Penderitaan Muslim Rohingya,1
Cara Menyikapi Hoax,0
Ketua Tim Pemenangan Agus - Silvy Ditangkap Kejari Maros,0
Kominfo Menginisiasi System Big Data Cyber Security  (BDCS),1
TARBUCKS HARAM DI MALAYSIA,1
ebruniye Walikota Kristen Pertama Di Kota Mardin yang Mayoritas Warganya Beragama Islam,0
ermen Jari Rasa Narkoba,1
"Toni Ruttman, WNA yang Membantu Pembuata Jembatan di Indonesia Terkena Denda Ratusan Juta",1
ominfo Memblokir Situs Cekktp,0
acana Revisi Undang-Undang Kewarganegaraan,1
"Freddy Budiman Bongkar Pejabat Terlibat Jaringan Narkoba, Ini Daftarnya",0
Tenaga Kerja China Berpostur Tubuh Layaknya Tentara Tiba Dengan Pesawat GA 985,1
: Pembuatan Permen Karet Dari Kondom Bekas,1
: Modus Perampokan Dengan Pisau Kartu Nama,1
Pesan berantai lahirnya bayi seperti dajjal di Israel,1
"Makam, Masjid, dan Penertiban Wilayah Luar Batang",1
Cover depan majalah Tempo yang diubah!,1
Perihal Kode Etik Jurnalistik,0
"James Hetfield, Gitaris & Vokalis Metallica Mendapat Gelar Ph.D dari Caltech di Bidang Astrofisika",1
Menggunakan Topi Kerucut di Tahun Baru Berarti Murtad ,1
Pidato Mark Zuckerberg di Tsinghua University China,0
Tunjangan Profesi Guru Dihapus,1
